date,Mkt-RF,SMB,HML,RMW,CMA,RF,Fund
2010-01-01,-0.0764,-0.3323,-0.2226,1.4636,-0.0914,0.3569,-0.9309
2010-02-01,4.0784,1.4597,1.3803,0.4353,-0.2477,0.0795,2.0802
2010-03-01,-2.4533,-2.4367,0.4927,2.5599,0.1625,0.3223,-0.819
2010-04-01,-0.6678,-2.0601,2.8098,3.9453,-0.2426,0.0387,0.5181
2010-05-01,3.6293,-2.6831,1.1365,-2.5261,-3.8299,0.1514,0.3632
2010-06-01,-6.6241,-1.4101,-2.9253,-2.2266,-1.9712,0.0183,-3.3751
2010-07-01,0.9577,2.1466,1.2768,0.8298,1.0749,0.2543,1.5951
2010-08-01,-2.0406,1.9049,0.3967,1.573,2.0983,0.2437,-0.2904
2010-09-01,3.5739,3.6546,1.0114,1.7045,2.2395,0.2228,2.3894
2010-10-01,-2.5733,-4.3094,0.2346,-1.081,1.3795,0.1071,-1.0278
2010-11-01,2.8231,5.9035,1.2399,-0.8969,-0.7427,0.3658,1.528
2010-12-01,-2.5337,0.6014,0.0544,2.5104,-0.059,0.3591,0.6867
2011-01-01,-1.7709,1.1394,2.387,0.1668,0.492,0.0439,0.2719
2011-02-01,-4.4353,-3.0809,-0.6397,0.5064,-3.5784,0.2116,-0.2343
2011-03-01,8.3124,-0.7972,3.1861,0.4072,-0.6744,0.1067,2.472
2011-04-01,-0.731,-0.8416,-2.0172,0.9888,3.0359,0.1054,-0.4591
2011-05-01,-2.0095,0.0942,3.4498,-1.6992,-0.5417,0.2436,0.9169
2011-06-01,4.3882,3.5734,-3.3674,-0.5656,0.0502,0.1297,2.0058
2011-07-01,9.6337,0.8021,2.7314,-2.1459,-0.0832,0.3512,4.2098
2011-08-01,2.0996,-0.2462,-0.7546,0.2599,0.2701,0.0514,-0.403
2011-09-01,-4.4927,0.5886,-0.3834,3.8365,-0.8165,0.2157,-0.8397
2011-10-01,0.1629,-1.5622,-2.4688,5.6399,-0.8477,0.207,-0.6045
2011-11-01,2.5679,1.3291,-1.4006,2.2401,0.2318,0.0284,1.9485
2011-12-01,-1.4599,-1.2227,3.2839,-1.7972,1.0982,0.2676,0.186
2012-01-01,0.9748,1.3984,2.3915,-0.7231,-2.4899,0.323,1.0942
2012-02-01,1.1606,1.1507,-1.9054,0.9932,-2.2723,0.2693,0.8222
2012-03-01,2.3118,-0.013,-1.4906,1.1413,0.8321,0.0761,0.6198
2012-04-01,-3.4711,0.9304,-0.2705,1.5428,1.5381,0.3445,-1.0036
2012-05-01,-0.725,-0.1505,3.8032,0.1846,3.4614,0.3395,0.3364
2012-06-01,2.8151,2.5933,0.4573,1.9754,1.4659,0.3941,2.2173
2012-07-01,-0.168,4.4573,-2.0142,0.7266,4.8474,0.2223,0.4367
2012-08-01,0.0425,-1.3214,-1.5229,4.7355,-1.5478,0.2992,-0.4
2012-09-01,5.4609,1.2642,-3.9139,0.1369,2.1973,0.032,3.8934
2012-10-01,2.6104,3.1919,-0.6632,-0.9753,2.4003,0.0985,2.9198
2012-11-01,-4.1078,-1.8445,-2.3139,1.3581,-3.3684,0.0817,-2.114
2012-12-01,-0.1228,-1.7048,-2.3676,1.8361,-0.3041,0.3007,0.4953
2013-01-01,4.4769,1.3185,6.6605,0.1418,1.0305,0.1061,3.0664
2013-02-01,8.0361,-1.9997,1.3943,-0.9893,1.6564,0.2814,4.3031
2013-03-01,-8.5222,-4.6659,-0.1422,0.0142,0.6178,0.2654,-3.9624
2013-04-01,2.492,-0.4026,0.7122,0.7681,-1.0299,0.2419,0.9296
2013-05-01,-0.0455,-1.5521,-1.0412,-0.8527,-3.1486,0.3384,-0.2223
2013-06-01,4.0122,1.538,-0.0281,0.3496,0.3826,0.1048,0.8511
2013-07-01,0.221,-3.0619,-0.2505,0.3101,2.867,0.3616,0.8927
2013-08-01,-6.7789,-1.24,-0.9836,-0.305,0.9965,0.3596,-1.7994
2013-09-01,2.7695,-4.6568,1.1057,-0.5333,0.1021,0.312,1.0355
2013-10-01,3.5496,-1.5989,-0.8415,-0.5172,2.8132,0.3905,0.7353
2013-11-01,3.5779,-4.6907,3.2272,0.656,-1.6118,0.3209,2.6831
2013-12-01,5.2944,-3.3394,-0.3709,3.3498,2.4673,0.3434,2.9992
2014-01-01,1.7696,4.6355,-1.6539,0.5792,0.403,0.0095,0.9587
2014-02-01,1.7481,2.1893,3.437,-3.3376,-0.291,0.1599,2.5205
2014-03-01,5.4238,-0.2662,0.9189,-0.132,1.0246,0.385,2.2329
2014-04-01,0.3141,1.292,-2.9606,1.3617,-0.6977,0.2046,1.3258
2014-05-01,-3.438,2.2645,-0.0932,3.0262,3.519,0.2154,-0.1207
2014-06-01,-0.7568,-3.9392,-0.9104,-1.3045,2.1053,0.1321,-0.0405
2014-07-01,-2.535,4.5667,-0.3193,-1.2939,-0.4593,0.161,0.7279
2014-08-01,-0.0906,1.3512,-4.1683,2.2487,-1.3282,0.2462,-1.49
2014-09-01,-1.0862,3.0902,1.6448,0.2038,-1.6871,0.2619,0.8724
2014-10-01,-3.7176,0.6894,0.512,2.1851,2.2755,0.0679,-1.3852
2014-11-01,4.6477,1.6286,-1.2126,-1.006,1.1427,0.2691,0.8779
2014-12-01,0.9229,1.7449,1.4813,0.4062,-2.7849,0.0291,1.0727
2015-01-01,-4.3434,1.9046,1.0563,2.8115,-1.0212,0.2624,-0.7489
2015-02-01,7.1657,0.2452,0.1193,-0.6478,-0.7317,0.3832,2.9913
2015-03-01,-0.7759,0.0096,0.0196,3.6959,-2.4968,0.267,0.4055
2015-04-01,5.8658,-0.1556,4.0086,-0.9712,-1.7166,0.2019,1.7156
2015-05-01,2.9438,-2.6549,2.6353,-1.5876,-1.0472,0.0989,1.1307
2015-06-01,-3.9211,-3.1419,-2.7827,-0.1372,0.0073,0.1143,-1.5107
2015-07-01,0.0224,2.274,-1.057,-0.0452,0.3711,0.2826,1.7932
2015-08-01,4.2644,1.1046,-1.9997,-0.2937,0.5195,0.3619,2.5898
2015-09-01,-4.8278,-1.8434,2.1172,-2.202,-0.0192,0.1407,-1.5068
2015-10-01,0.6712,-4.7983,1.9957,-0.3411,0.0706,0.2413,-1.0021
2015-11-01,1.0182,1.8296,-0.4465,0.3714,-1.0651,0.1617,1.8534
2015-12-01,2.7844,2.5158,1.9405,2.0051,1.5799,0.2258,2.2076
2016-01-01,6.1562,0.7079,1.4647,1.7085,1.492,0.0847,3.1548
2016-02-01,-2.6432,3.8475,-2.4221,2.2697,0.6631,0.0328,-0.6547
2016-03-01,5.4439,0.4782,1.8563,0.199,-1.4352,0.2607,1.2288
2016-04-01,0.7601,-6.0093,0.127,0.5469,0.5485,0.2678,0.0884
2016-05-01,-2.0814,-0.5858,-1.0657,-2.7184,1.1128,0.2992,0.2812
2016-06-01,6.0646,3.1481,0.9333,0.0107,1.3803,0.2709,3.2102
2016-07-01,4.3829,-0.5529,-0.1734,-0.4984,-0.6682,0.0408,0.6088
2016-08-01,1.5975,-4.7237,-0.8204,-0.3394,2.7072,0.1389,0.1265
2016-09-01,-2.9657,1.1464,-1.826,0.1384,1.733,0.0422,-1.8086
2016-10-01,6.0119,-0.7664,1.488,-2.2836,-2.1427,0.3862,2.6657
2016-11-01,-0.4148,4.6071,-2.2332,-0.2915,-2.1344,0.1074,0.9478
2016-12-01,4.9969,-3.6821,3.5342,2.1263,0.1646,0.2441,2.8632
2017-01-01,-0.1995,0.5158,0.7509,-0.7186,0.7324,0.1361,1.7955
2017-02-01,5.0407,-2.5543,-0.0469,0.4536,0.7011,0.288,1.6467
2017-03-01,-6.2224,0.402,-1.0506,-2.2152,-2.5576,0.0372,-2.1562
2017-04-01,1.5894,3.8747,-0.9131,2.4294,-1.7197,0.1702,1.4947
2017-05-01,0.4085,-2.14,-0.4641,-1.1686,0.0933,0.077,0.4303
2017-06-01,4.1223,2.2141,0.0979,-0.9485,0.4619,0.2898,2.9743
2017-07-01,5.3257,-0.3465,-0.1895,1.0108,0.4707,0.0718,2.721
2017-08-01,5.4245,0.3743,-0.8235,5.014,-2.0902,0.0505,1.8489
2017-09-01,3.6487,-2.0367,1.821,-1.4866,-1.4867,0.0737,1.4252
2017-10-01,9.5268,1.9872,-3.6803,0.6665,-0.3777,0.2518,3.7509
2017-11-01,2.6461,0.5697,-1.5712,-0.3893,0.8527,0.3058,1.1879
2017-12-01,-5.0542,-2.639,0.3701,2.3633,-1.4443,0.3441,-1.5605
2018-01-01,3.9081,-0.0336,-1.9876,-1.5017,-0.1267,0.0831,-0.5602
2018-02-01,1.9253,3.6647,0.6814,1.128,0.1978,0.1802,1.6905
2018-03-01,-2.259,-1.0532,0.3639,3.0012,-0.3804,0.275,-1.3346
2018-04-01,6.7538,-1.9254,-2.0799,-1.6733,1.5433,0.2178,1.866
2018-05-01,-4.7454,-4.2741,0.3565,-0.4141,0.7483,0.2996,-1.3348
2018-06-01,-2.4939,-0.7691,2.1692,2.1365,-1.0141,0.2002,-2.264
2018-07-01,-1.1369,0.1399,2.0609,0.6745,-0.3998,0.0365,0.6766
2018-08-01,7.8888,-1.0268,-4.3706,-1.8105,2.3406,0.1078,2.5635
2018-09-01,7.0076,1.1506,-2.8542,0.6817,0.9204,0.2341,2.4927
2018-10-01,-2.5822,-2.0791,1.5539,1.1029,-1.0167,0.3431,0.2455
2018-11-01,-2.4576,3.4722,-1.1463,4.4135,0.8372,0.1819,-0.7978
2018-12-01,-0.894,2.1303,1.9997,-0.1412,-4.3475,0.2631,-0.0664
2019-01-01,-3.4834,-0.5827,0.7244,1.7764,0.1851,0.304,-1.9507
2019-02-01,1.9526,3.1225,1.9295,-0.6484,-0.1438,0.3893,1.2151
2019-03-01,-1.7928,-1.0685,1.3776,2.1103,-0.5281,0.3969,-0.4008
2019-04-01,4.3006,-1.3468,2.7952,2.4882,-2.2819,0.2035,1.8376
2019-05-01,-0.6131,4.7923,1.4834,0.0334,-1.2997,0.3687,0.6012
2019-06-01,-7.7151,-0.1661,1.0562,-0.8916,0.4863,0.3737,-3.1276
2019-07-01,-6.9055,-0.1252,-0.3451,1.6837,-4.6318,0.1959,-3.9908
2019-08-01,3.4596,2.5993,-1.4261,2.0854,-1.4924,0.1287,1.5053
2019-09-01,2.8257,3.6823,-1.3128,-0.3724,0.1716,0.2979,1.4693
2019-10-01,-1.5283,-4.2869,-2.2279,1.9438,1.9139,0.1981,-2.8814
2019-11-01,5.098,0.7808,-3.4067,-1.7507,1.2369,0.2104,1.2597
2019-12-01,-5.6712,1.1701,-2.4627,1.607,1.0549,0.3877,-0.8479
2020-01-01,-2.7455,3.3611,-2.3002,-2.6433,1.8814,0.152,-1.6364
2020-02-01,-2.0911,3.7376,0.2396,-3.4461,0.6504,0.2525,0.0998
2020-03-01,12.6429,-4.0147,-0.0433,-1.72,1.8321,0.349,4.8365
2020-04-01,-5.2743,1.4333,0.5042,-0.115,0.4574,0.1499,-1.8886
2020-05-01,3.5037,2.5382,-3.2471,-1.0849,0.3932,0.3483,1.8438
2020-06-01,-1.6682,-1.1679,0.949,-0.321,-1.0142,0.1021,-0.3133
2020-07-01,7.716,0.3666,2.448,-1.3753,0.9851,0.1382,4.0338
2020-08-01,-4.3668,-1.7659,-1.349,0.8253,0.6636,0.1539,-1.9743
2020-09-01,-2.4272,0.2937,-2.3531,-0.828,1.3535,0.3912,-0.7046
2020-10-01,-1.247,-1.5789,-2.7859,-0.9024,0.0841,0.2426,-0.9439
2020-11-01,-8.1608,0.2113,-0.8076,3.3407,-0.9935,0.2546,-2.9824
2020-12-01,-3.8652,-2.4909,-0.533,-2.3971,1.212,0.3614,-2.4591
2021-01-01,-1.5846,-1.6092,-2.4529,1.0609,0.0279,0.118,-1.0316
2021-02-01,0.4607,-1.4536,1.68,1.8545,1.9159,0.3654,0.4818
2021-03-01,1.9932,-1.5857,1.0372,-1.6409,0.9637,0.1355,-0.3844
2021-04-01,8.194,4.3486,3.3034,3.8288,1.6363,0.392,3.4842
2021-05-01,7.5757,-0.8225,-2.352,2.5776,1.9533,0.1819,2.9648
2021-06-01,-2.2852,-3.2041,-3.2058,-1.4956,0.7684,0.0935,-1.4547
2021-07-01,8.704,0.9129,-4.1169,-1.305,0.197,0.3295,3.3067
2021-08-01,3.358,-1.0432,-0.9203,0.7382,1.3058,0.197,1.1424
2021-09-01,7.3468,3.0952,1.4474,1.69,-1.0848,0.3784,2.3203
2021-10-01,-5.2546,2.103,1.169,1.7382,1.5132,0.1632,-0.3583
2021-11-01,1.4842,-0.0934,-1.4873,1.6159,2.909,0.0397,0.4892
2021-12-01,-1.4724,-2.7825,1.8669,-0.0354,-0.6806,0.0489,-0.1922
2022-01-01,3.0451,-2.1473,-1.4931,-2.0012,-0.1554,0.3147,0.6866
2022-02-01,0.5838,1.396,-0.6928,-0.0679,0.1972,0.0864,0.1142
2022-03-01,2.939,-1.5295,2.5788,3.2933,3.0654,0.0579,1.7952
2022-04-01,2.5802,1.4844,1.3439,2.5554,0.3562,0.316,1.7387
2022-05-01,0.768,2.305,0.3007,0.7249,0.0047,0.2983,0.0049
2022-06-01,-6.3629,0.745,-0.9578,0.1281,-3.5164,0.0173,-2.2325
2022-07-01,2.1652,-4.8125,-2.1936,-0.0677,0.6179,0.1916,0.0991
2022-08-01,-4.4623,2.3055,-4.3778,0.4412,0.6512,0.2433,-1.1333
2022-09-01,3.4387,0.9042,-1.6904,-1.4841,-2.1067,0.2122,3.5306
2022-10-01,-4.7261,1.0776,2.5264,1.8341,1.4099,0.3076,-1.6623
2022-11-01,-0.0071,-1.6105,-1.3744,0.5886,-0.7742,0.1664,0.6317
2022-12-01,3.9888,1.5836,-0.9848,-1.301,2.0506,0.0269,3.4171
2023-01-01,1.3698,-0.8632,2.6922,1.8817,0.8237,0.2346,0.1351
2023-02-01,-2.813,-0.7438,1.3439,1.3681,-1.1673,0.3472,-1.8352
2023-03-01,-1.4013,-6.363,-1.5035,-0.7884,-0.8156,0.2627,-1.6601
2023-04-01,0.8085,1.2809,1.0798,-1.2228,0.2551,0.3229,-0.1996
2023-05-01,6.6008,-5.4989,1.1496,-2.0563,-0.116,0.3716,1.6441
2023-06-01,2.0109,-1.6316,1.319,2.7399,-0.3951,0.0024,1.676
2023-07-01,4.0362,-2.2576,-0.8983,0.7813,-0.1508,0.2984,1.163
2023-08-01,1.4071,2.6464,-1.0394,1.6558,-0.3612,0.227,-0.2242
2023-09-01,1.6321,0.5182,1.5243,2.2859,-0.4496,0.2648,0.6135
2023-10-01,-3.8035,0.343,-0.4865,3.1868,1.3006,0.1133,-0.2089
2023-11-01,-1.5064,-2.5004,-0.3033,-0.2761,-1.5051,0.0031,-0.1051
2023-12-01,-0.3749,1.7331,0.9998,1.25,0.0119,0.2988,0.6801
